{"snapshot_id": 2, "page": 13, "row": 1, "col": 1, "bbox_px": {"x": 37, "y": 238, "w": 853, "h": 934}, "bbox_norm": {"x": 0.037261, "y": 0.169516, "w": 0.859013, "h": 0.665242}, "dark_ratio": 0.037, "top_strip_ocr": "110151 130133223282", "figure_no_guess": null, "file": "diagram_snapshots/diagram_0002_p013_r1c1.png"}