{"snapshot_id": 1, "page": 12, "row": 1, "col": 1, "bbox_px": {"x": 78, "y": 236, "w": 862, "h": 951}, "bbox_norm": {"x": 0.07855, "y": 0.168091, "w": 0.868077, "h": 0.67735}, "dark_ratio": 0.074867, "top_strip_ocr": "468 320321", "figure_no_guess": 468, "file": "diagram_snapshots/diagram_0001_p012_r1c1.png"}